time,treatment,dist_sup_tronc,H_vigne,P_vigne,Hue_vigne,Hue_rang
2024-04-03,DVITI,40,0.7824074074074074,0.9992906660949114,44.01,37.11
2024-04-04,DVITI,84,0.10925925925925926,0.9969602874933757,41.56,34.57
2024-04-05,DVITI,173,0.13240740740740742,0.9960876436781609,36.45,36.8
2024-04-06,DVITI,74,0.11574074074074074,0.9921925484652666,33.7,37.16
2024-04-07,DVITI,73,0.125,0.9914994959677419,34.75,37.45
2024-04-08,DVITI,69,0.09074074074074075,0.9911889542748917,34.2,38.17
2024-04-09,DVITI,86,0.19166666666666668,0.9922360452869932,39.15,48.56
2024-04-10,DVITI,47,0.2111111111111111,0.9852920081967214,32.59,41.95
2024-04-11,DVITI,23,0.15833333333333333,0.9797710466439136,37.28,42.08
2024-04-12,DVITI,32,0.1814814814814815,0.968766438261351,35.69,40.54
2024-04-19,DVITI,79,0.6601851851851852,0.807169459962756,45.9,77.36
2024-04-24,DVITI,85,0.3472222222222222,0.7634219973890339,44.38,77.58
2024-04-25,DVITI,58,0.33425925925925926,0.6960383260447036,42.51,73.39
2024-04-26,DVITI,57,0.31851851851851853,0.7180317662779397,46.44,79.03
2024-04-27,DVITI,73,0.35833333333333334,0.6863868464052287,46.11,74.2
2024-04-28,DVITI,79,0.36203703703703705,0.6742722800925925,45.8,75.32
2024-04-29,DVITI,79,0.337037037037037,0.651569693830571,46.83,74.07
2024-04-30,DVITI,82,0.39537037037037037,0.6549565018315018,47.9,74.75
2024-05-01,DVITI,71,0.3592592592592593,0.6323345762310606,47.75,72.01
2024-05-02,DVITI,52,0.3611111111111111,0.599560497997998,46.75,76.74
2024-05-03,DVITI,36,0.362962962962963,0.5690398977987421,46.66,71.35
2024-05-04,DVITI,52,0.3888888888888889,0.6039809919436052,49.43,76.89
2024-05-05,DVITI,71,0.3685185185185185,0.6170443814919736,50.6,76.92
2024-05-06,DVITI,86,0.3638888888888889,0.5707795516304348,52.29,79.67
2024-05-07,DVITI,65,0.3472222222222222,0.5680383963178295,50.29,82.4
2024-05-08,DVITI,33,0.3648148148148148,0.4703419811320755,55.21,86.24
2024-05-09,DVITI,71,0.362962962962963,0.5253145773979108,55.97,80.25
2024-05-10,DVITI,76,0.36944444444444446,0.4923630617977528,58.98,80.8
2024-05-11,DVITI,75,0.37592592592592594,0.4742209383753501,61.45,80.67
2024-05-12,DVITI,66,0.37962962962962965,0.4326609029779059,65.22,86.4
2024-05-13,DVITI,66,0.38796296296296295,0.38819594109195404,66.44,86.45
2024-05-14,DVITI,75,0.375,0.36484519675925925,61.56,73.03
2024-05-28,DVITI,105,0.3175925925925926,0.4602014243197279,75.36,91.97
2024-05-30,DVITI,98,0.3111111111111111,0.5247395833333334,68.66,85.89
2024-05-31,DVITI,74,0.37222222222222223,0.4529958445642408,73.24,90.2
2024-06-01,DVITI,75,0.3675925925925926,0.5255222371967655,63.95,80.25
2024-06-02,DVITI,87,0.337037037037037,0.5773390151515152,71.57,86.74
2024-06-03,DVITI,153,0.36203703703703705,0.5529463956489675,68.75,81.77
2024-06-04,DVITI,162,0.41574074074074074,0.490193721719457,84.03,92.03
2024-06-15,DVITI,82,0.41944444444444445,0.16984045358649788,76.7,120.7
2024-06-16,DVITI,77,0.4009259259259259,0.1391502490942029,72.65,144.79
2024-06-17,DVITI,83,0.5685185185185185,0.21674412393162393,71.16,151.29
2024-06-18,DVITI,71,0.4083333333333333,0.14830801908752328,73.02,153.9
2024-06-19,DVITI,80,0.39814814814814814,0.13816902624309393,72.8,154.55
2024-06-20,DVITI,82,0.40370370370370373,0.17159632034632036,65.09,156.57
2024-06-21,DVITI,82,0.41203703703703703,0.1632467049319728,65.97,162.74
2024-06-22,DVITI,85,0.412962962962963,0.1799056154822335,74.84,169.04
2024-06-23,DVITI,71,0.41574074074074074,0.15405765503875968,78.72,136.84
2024-06-24,DVITI,91,0.4083333333333333,0.19728194103194102,69.43,133.28
2024-06-25,DVITI,68,0.41574074074074074,0.14628073324630114,68.09,124.55
2024-06-26,DVITI,68,0.4185185185185185,0.1481946243523316,70.57,129.97
2024-06-27,DVITI,75,0.4083333333333333,0.10119476877289377,68.22,130.8
2024-06-28,DVITI,69,0.41203703703703703,0.13433420365535248,69.07,122.24
2024-06-29,DVITI,62,0.5601851851851852,0.1515654315196998,68.42,109.11
2024-06-30,DVITI,64,0.612037037037037,0.16012005649717514,65.82,93.82
2024-07-01,DVITI,67,0.6388888888888888,0.17995428901576943,65.63,97.55
2024-07-02,DVITI,65,0.6277777777777778,0.302640483276644,61.64,49.09
2024-07-03,DVITI,54,0.637962962962963,0.16339139344262296,64.93,93.69
2024-07-04,DVITI,73,0.6453703703703704,0.19892083985393844,64.55,79.19
2024-07-05,DVITI,67,0.6518518518518519,0.19329468029350105,63.12,73.01
2024-07-07,DVITI,66,0.65,0.175558562992126,67.33,95.0
2024-07-09,DVITI,65,0.6518518518518519,0.18681022547468354,67.34,91.95
2024-07-11,DVITI,75,0.6546296296296297,0.19421465716486902,66.47,79.63
2024-07-12,DVITI,72,0.6583333333333333,0.18025934702474986,66.92,84.47
2024-07-13,DVITI,61,0.6518518518518519,0.17531349522292994,65.01,84.44
2024-07-14,DVITI,56,0.85,0.17802879511677283,65.73,84.46
2024-07-15,DVITI,63,0.6611111111111111,0.19003693623639192,62.89,87.26
2024-07-16,DVITI,69,0.7962962962962963,0.24723315491183878,57.96,43.12
2024-07-17,DVITI,72,0.8444444444444444,0.2347134792166267,57.0,40.37
2024-07-18,DVITI,71,0.9203703703703704,-0.3065146683673469,53.81,38.58
2024-07-19,DVITI,67,0.8731481481481481,0.2288484804490902,56.1,44.71
2024-07-20,DVITI,65,0.8870370370370371,0.22008055235903337,48.34,32.73
2024-07-21,DVITI,58,0.8870370370370371,0.2165896843725943,53.45,37.95
2024-07-22,DVITI,58,0.8861111111111111,0.20982787240184758,52.88,36.76
2024-07-23,DVITI,51,0.8944444444444445,0.20120389344262296,48.12,32.08
2024-07-24,DVITI,45,0.8944444444444445,0.20219401810310902,49.38,36.91
2024-07-25,DVITI,57,0.8962962962962963,0.22741321415058646,49.41,33.68
2024-07-26,DVITI,59,0.8916666666666667,0.21277298850574713,55.78,41.43
2024-07-27,DVITI,60,0.9,0.22129341260853153,52.31,37.71
2024-07-28,DVITI,59,0.899074074074074,0.21265517979452056,55.34,37.42
2024-07-29,DVITI,66,0.899074074074074,0.2194988452111614,55.21,38.01
2024-07-30,DVITI,62,0.9166666666666666,0.21202803203661327,48.8,29.32
2024-07-31,DVITI,59,0.9083333333333333,0.22609570980615734,50.38,32.03
2024-08-01,DVITI,63,0.9018518518518519,0.22657599005255255,49.93,31.19
2024-08-02,DVITI,57,0.9092592592592592,0.20664287773933102,49.8,28.95
2024-08-03,DVITI,59,0.9074074074074074,0.22700731660965412,47.39,27.89
2024-08-04,DVITI,59,0.9148148148148149,-0.30017460317460315,47.91,27.45
2024-08-05,DVITI,55,0.9166666666666666,0.21128175957527492,47.59,26.78
2024-08-06,DVITI,59,0.9259259259259259,0.22697870421753608,48.46,27.37
2024-08-08,DVITI,59,0.9203703703703704,-0.2652697550831793,59.6,67.2
2024-08-09,DVITI,57,0.924074074074074,0.2328486769570011,52.43,24.95
2024-08-10,DVITI,56,0.924074074074074,-0.29007034632034634,51.76,23.92
2024-08-11,DVITI,56,0.9212962962962963,-0.276435443823712,56.28,163.01
2024-08-12,DVITI,60,0.9222222222222223,0.2391261826783115,56.19,139.85
2024-08-13,DVITI,60,0.9268518518518518,0.22612634558277653,58.26,149.3
2024-08-14,DVITI,63,0.924074074074074,0.2393255007350239,56.92,180.92
2024-08-15,DVITI,65,0.9268518518518518,-0.24508551838456902,57.13,172.32
2024-08-16,DVITI,67,0.9268518518518518,0.24221409082500925,56.78,145.67
2024-08-17,DVITI,58,0.9277777777777778,0.24322280799112098,52.58,43.18
2024-08-18,DVITI,74,0.924074074074074,-0.21873036355475764,53.74,164.35
2024-08-19,DVITI,21,0.9259259259259259,-0.3662038187541418,50.16,21.82
2024-08-20,DVITI,0,0.9203703703703704,-0.39615735908141964,51.41,26.77
2024-08-21,DVITI,59,0.925,0.25963226530986433,48.18,24.73
2024-08-22,DVITI,0,0.9361111111111111,-0.3439648306505701,56.41,107.97
2024-08-23,DVITI,6,0.9259259259259259,0.22079387626262625,50.99,33.11
2024-08-24,DVITI,66,0.9259259259259259,0.28465683621933624,60.21,161.45
2024-08-25,DVITI,69,0.925,-0.19501420454545454,59.02,158.51
2024-08-26,DVITI,84,0.9259259259259259,0.2760753240233662,56.17,143.52
2024-08-27,DVITI,41,0.9324074074074075,-0.22207345879801735,46.7,29.46
2024-08-28,DVITI,56,0.9296296296296296,-0.20811831039755352,48.17,30.97
2024-08-29,DVITI,79,0.925,-0.16082124255952382,57.52,135.63
2024-08-30,DVITI,83,0.9037037037037037,-0.1903073489010989,56.17,155.29
2024-08-31,DVITI,59,0.9212962962962963,-0.2088918521954236,57.02,158.67
2024-04-10,TVITI,127,0.3592592592592593,0.9246536330049261,42.65,33.27
2024-04-19,TVITI,118,0.3592592592592593,,42.45,102.94
2024-04-20,TVITI,122,0.4148148148148148,0.9414686639118457,43.29,89.03
2024-04-21,TVITI,135,0.3388888888888889,0.9373421461372231,41.5,93.26
2024-04-22,TVITI,132,0.4324074074074074,,42.25,72.76
2024-04-23,TVITI,118,0.39166666666666666,0.9188835903679654,39.25,31.15
2024-04-24,TVITI,119,0.40370370370370373,0.9122050296655879,46.43,61.96
2024-04-27,TVITI,152,0.40185185185185185,0.9171349237644585,42.29,32.0
2024-04-28,TVITI,132,0.387037037037037,0.9194871403365906,42.39,34.46
2024-04-29,TVITI,122,0.3638888888888889,0.9068337817328919,42.67,41.19
2024-04-30,TVITI,136,0.375,0.8919296034946237,45.39,58.93
2024-05-01,TVITI,139,0.39444444444444443,0.8812996432417878,44.19,42.18
2024-05-02,TVITI,170,0.3824074074074074,0.8947749170495151,42.1,41.04
2024-05-03,TVITI,109,0.3907407407407407,0.9027834980779791,48.42,117.89
2024-05-04,TVITI,127,0.38333333333333336,0.9101060088424437,46.27,114.43
2024-05-05,TVITI,0,0.39537037037037037,0.8483091787439614,42.02,41.05
2024-05-06,TVITI,121,0.43425925925925923,0.8807699497009244,40.94,45.92
2024-05-07,TVITI,117,0.3925925925925926,0.8767689641109299,46.06,103.04
2024-05-08,TVITI,108,0.41388888888888886,0.8489626377410469,41.91,46.37
2024-05-09,TVITI,150,0.44166666666666665,0.8538194444444445,50.87,104.88
2024-05-10,TVITI,136,0.45185185185185184,0.8486274895178197,51.33,100.43
2024-05-11,TVITI,119,0.44074074074074077,0.8459199986537426,50.95,92.68
2024-05-12,TVITI,123,0.4666666666666667,0.834633319914117,44.34,45.61
2024-05-13,TVITI,132,0.5333333333333333,0.8440822700691122,54.24,92.27
2024-05-14,TVITI,106,0.47962962962962963,0.7544020764348786,50.1,41.54
2024-05-16,TVITI,145,0.5203703703703704,0.7812884615384615,67.09,154.15
2024-05-17,TVITI,132,0.49074074074074076,0.7301438492063492,64.7,151.71
2024-05-18,TVITI,125,0.46296296296296297,0.7191498063568376,65.29,148.88
2024-05-19,TVITI,96,0.5342592592592592,0.680837015993266,67.08,150.53
2024-05-24,TVITI,104,0.5120370370370371,0.5854555348258706,65.97,95.44
2024-05-26,TVITI,151,0.5157407407407407,0.599880608974359,72.58,119.69
2024-05-27,TVITI,117,0.5111111111111111,0.613576332521645,64.82,75.24
2024-05-28,TVITI,143,0.5277777777777778,0.586799876687435,72.48,108.46
2024-05-29,TVITI,112,0.5518518518518518,0.4753438013136289,65.12,78.52
2024-05-30,TVITI,220,0.5527777777777778,0.5613336468308253,67.01,87.61
2024-05-31,TVITI,184,0.5777777777777777,0.5324443247126437,71.76,100.12
2024-06-01,TVITI,107,0.6703703703703704,0.4330451948924731,68.26,95.81
2024-06-02,TVITI,363,0.5592592592592592,0.6047725218797565,71.65,92.85
2024-06-03,TVITI,297,0.5546296296296296,0.5716940925010301,72.04,111.98
2024-06-04,TVITI,313,0.5324074074074074,0.5842266491985203,70.45,84.02
2024-06-05,TVITI,297,0.5555555555555556,0.538783762562814,71.91,88.71
2024-06-06,TVITI,120,0.5731481481481482,0.41201460311181437,78.43,152.28
2024-06-07,TVITI,117,0.6138888888888889,0.37563113720806796,78.45,154.47
2024-06-08,TVITI,102,0.6111111111111112,0.34142191734417343,77.65,166.66
2024-06-09,TVITI,40,0.5972222222222222,0.273925428700361,81.93,156.01
2024-06-10,TVITI,133,0.5731481481481482,0.3340079211746522,78.58,149.73
2024-06-11,TVITI,58,0.5685185185185185,0.21080638111888111,76.63,144.39
2024-06-12,TVITI,62,0.5953703703703703,-1.6468483664772726,77.86,146.39
2024-06-13,TVITI,119,0.5962962962962963,-1.1376959097859327,80.66,138.55
2024-06-14,TVITI,0,0.5842592592592593,0.10766889158576051,79.17,122.0
2024-06-15,TVITI,121,0.5768518518518518,0.30729413117770765,79.54,118.73
2024-06-17,TVITI,57,0.5879629629629629,0.20308212930531233,81.22,119.61
2024-06-18,TVITI,47,0.5972222222222222,-1.8357170245398773,80.84,120.94
2024-06-19,TVITI,92,0.6268518518518519,0.25362987231182793,84.88,188.1
2024-06-20,TVITI,117,0.5962962962962963,0.2938580366357069,82.53,168.76
2024-06-21,TVITI,129,0.6268518518518519,0.2681070458074534,85.09,198.29
2024-06-22,TVITI,122,0.600925925925926,-0.9374855895915678,84.62,196.62
2024-06-23,TVITI,120,0.6425925925925926,0.2408093310742972,83.99,195.41
2024-06-24,TVITI,126,0.5962962962962963,-1.0764164923291493,87.33,197.24
2024-06-25,TVITI,121,0.5981481481481481,-1.0958816807313643,88.39,192.36
2024-06-26,TVITI,137,0.5814814814814815,0.23782705389848247,86.67,188.37
2024-06-27,TVITI,137,0.5824074074074074,-1.0611111111111111,87.18,187.98
2024-06-28,TVITI,136,0.5814814814814815,,87.01,190.25
2024-06-29,TVITI,149,0.562037037037037,0.2799611991241628,89.42,151.78
2024-06-30,TVITI,138,0.5833333333333334,0.23326623210633946,86.15,185.89
2024-07-01,TVITI,95,0.6,0.19359308226495728,87.44,181.19
2024-07-02,TVITI,126,0.5953703703703703,0.24216129954268292,85.12,175.81
2024-07-03,TVITI,137,0.6101851851851852,0.21921703468063872,86.61,185.96
2024-07-04,TVITI,135,0.5925925925925926,0.20689583333333333,86.14,185.72
2024-07-05,TVITI,119,0.625,0.1870900696635121,85.45,181.67
2024-07-06,TVITI,128,0.5981481481481481,0.21591218847352026,82.84,145.66
2024-07-07,TVITI,132,0.5898148148148148,0.1983560694014448,87.58,175.38
2024-07-08,TVITI,134,0.6277777777777778,0.19334410365226337,88.11,171.02
2024-07-09,TVITI,130,0.625,0.18810669388284085,86.91,170.25
2024-07-10,TVITI,138,0.5916666666666667,0.20505176380368098,87.04,164.5
2024-07-11,TVITI,133,0.5851851851851851,0.1903002829218107,86.14,164.09
2024-07-12,TVITI,133,0.5814814814814815,0.20417553534571722,85.84,163.86
2024-07-13,TVITI,120,0.5972222222222222,0.17029524842271293,86.43,172.63
2024-07-14,TVITI,136,0.5962962962962963,0.19036378205128204,86.06,172.69
2024-07-15,TVITI,137,0.6268518518518519,0.19754144265232976,85.81,176.04
2024-07-17,TVITI,70,0.6037037037037037,0.12294357638888889,82.58,209.45
2024-07-19,TVITI,138,0.5953703703703703,0.2044370839733743,86.92,209.22
2024-07-20,TVITI,137,0.5833333333333334,0.20472824003067486,86.92,210.43
2024-07-21,TVITI,123,0.600925925925926,0.1984375,86.23,210.29
2024-07-22,TVITI,129,0.6027777777777777,0.19105718085106382,86.55,211.32
2024-07-23,TVITI,137,0.5851851851851851,0.20577476958525345,86.37,209.48
2024-07-24,TVITI,114,0.6527777777777778,0.17167207792207792,86.07,216.37
2024-07-25,TVITI,101,0.6592592592592592,0.1479803325969563,87.67,216.49
2024-07-26,TVITI,139,0.6564814814814814,0.1979377031104921,87.61,217.43
2024-07-27,TVITI,127,0.6648148148148149,0.18537461638338054,87.78,219.02
2024-07-28,TVITI,135,0.6583333333333333,0.19009613136979897,87.21,216.16
2024-07-29,TVITI,138,0.6444444444444445,0.19864349579242638,86.22,216.01
2024-07-30,TVITI,138,0.6555555555555556,0.1930283985102421,86.53,219.08
2024-07-31,TVITI,115,0.6592592592592592,0.17171642015392016,87.53,218.11
2024-08-01,TVITI,123,0.6546296296296297,0.18285273605150215,87.1,219.18
2024-08-02,TVITI,140,0.6611111111111111,0.20282945062586927,86.92,218.93
2024-08-03,TVITI,130,0.6916666666666667,0.21362237858719646,85.8,219.64
2024-08-04,TVITI,135,0.6694444444444444,0.20112025605852765,87.44,218.24
2024-08-05,TVITI,138,0.6592592592592592,0.21618917689859027,86.75,217.32
2024-08-06,TVITI,60,0.6638888888888889,0.11816784531090724,87.88,217.31
2024-08-07,TVITI,138,0.6592592592592592,0.21236694558287797,88.08,217.05
2024-08-08,TVITI,139,0.6564814814814814,0.20062601555246054,86.34,220.35
2024-08-09,TVITI,140,0.6592592592592592,0.2121549123406193,85.77,219.7
2024-08-10,TVITI,138,0.6851851851851852,0.21418226381461675,85.06,220.84
2024-08-11,TVITI,126,0.6638888888888889,0.19423026773296245,87.34,218.73
2024-08-12,TVITI,134,0.6796296296296296,0.19862305135259056,88.69,219.05
2024-08-13,TVITI,138,0.6657407407407407,0.21193872048138057,87.15,219.81
2024-08-14,TVITI,72,0.7222222222222222,0.19562999429223743,82.1,211.86
2024-08-15,TVITI,132,0.7074074074074074,0.22588871819749892,84.99,223.74
2024-08-16,TVITI,118,0.7083333333333334,0.21808388157894737,83.43,221.48
2024-08-17,TVITI,146,0.7027777777777777,0.25041125369666245,85.78,223.5
2024-08-18,TVITI,132,0.7296296296296296,0.24214926160337552,86.14,222.63
2024-08-19,TVITI,138,0.7296296296296296,0.2470939199079883,84.9,223.72
2024-08-20,TVITI,59,0.7166666666666667,0.14256196504992869,86.53,223.89
2024-08-21,TVITI,137,0.7231481481481481,0.2512821016771489,85.58,221.62
2024-08-22,TVITI,58,0.7185185185185186,0.14506214234620887,84.51,222.43
2024-08-23,TVITI,121,0.7148148148148148,0.21927561162079512,84.23,222.97
2024-08-24,TVITI,140,0.737037037037037,0.2484883448060075,80.75,217.73
2024-08-25,TVITI,159,0.7166666666666667,-0.26894335658082974,84.97,226.82
2024-08-26,TVITI,123,0.7046296296296296,0.21431022178304787,85.03,223.26
2024-08-27,TVITI,136,0.7157407407407408,0.24892754192872119,84.42,222.49
2024-08-28,TVITI,63,0.7092592592592593,,85.17,222.62
2024-04-19,AVITI,2,0.21203703703703702,0.9154316154138192,50.56,62.3
2024-04-20,AVITI,0,0.25277777777777777,0.8667786214953271,50.12,64.06
2024-04-21,AVITI,0,0.2324074074074074,0.8388984713203463,49.94,63.98
2024-04-22,AVITI,0,0.37222222222222223,0.852422442886812,44.2,53.46
2024-04-23,AVITI,0,0.3074074074074074,0.8064528167185877,44.21,53.43
2024-04-24,AVITI,5,0.30925925925925923,0.8035493827160494,41.49,47.8
2024-04-25,AVITI,0,0.29444444444444445,0.753989221871714,45.2,54.25
2024-04-26,AVITI,0,0.30185185185185187,0.7925805817610063,45.05,52.78
2024-04-27,AVITI,0,0.29907407407407405,0.739698122258772,46.11,55.26
2024-04-28,AVITI,4,0.38055555555555554,0.8074164244186046,48.81,57.29
2024-04-29,AVITI,0,0.37592592592592594,0.8020639083139083,51.22,63.55
2024-04-30,AVITI,3,0.35833333333333334,0.7995418595679012,52.77,64.54
2024-05-01,AVITI,1,0.2814814814814815,0.8099755897138438,48.87,55.24
2024-05-02,AVITI,0,0.37592592592592594,0.7877598180076628,48.16,55.84
2024-05-03,AVITI,0,0.2657407407407407,0.7555042613636364,48.25,52.54
2024-05-04,AVITI,0,0.2759259259259259,0.7514669625246548,47.92,50.93
2024-05-05,AVITI,0,0.3287037037037037,0.697477261553589,47.52,52.44
2024-05-06,AVITI,0,0.3277777777777778,0.5962265114379085,50.31,57.57
2024-05-07,AVITI,0,0.31203703703703706,0.7381908275462963,51.89,61.42
2024-05-08,AVITI,0,0.42592592592592593,0.7150686553030303,51.59,56.4
2024-05-09,AVITI,0,0.36203703703703705,0.6750015318627451,63.03,78.6
2024-05-10,AVITI,0,0.37037037037037035,0.6292892156862745,65.11,79.31
2024-05-11,AVITI,0,0.38981481481481484,0.6972921434019832,66.89,80.08
2024-05-12,AVITI,0,0.45,0.5256161492374728,53.76,55.75
2024-05-13,AVITI,0,0.5,0.5089971405228758,64.9,73.83
2024-05-14,AVITI,0,0.46111111111111114,0.5892590181327161,57.54,60.0
2024-05-15,AVITI,0,0.5,0.4341112446581197,56.68,59.47
2024-05-16,AVITI,4,0.5120370370370371,0.45063349007314524,66.22,79.57
2024-05-17,AVITI,0,0.5138888888888888,0.5792689087759815,67.34,82.35
2024-05-18,AVITI,0,0.49722222222222223,0.41275503933136676,69.01,83.82
2024-05-20,AVITI,0,0.5074074074074074,0.4878003432494279,56.47,63.18
2024-05-21,AVITI,0,0.5231481481481481,0.4840802556818182,56.77,61.13
2024-05-22,AVITI,0,0.5305555555555556,0.25313628740970073,68.58,79.82
2024-05-23,AVITI,44,0.5314814814814814,0.48206845238095236,66.42,76.19
2024-05-24,AVITI,0,0.48703703703703705,0.37014445080091535,69.68,82.98
2024-05-25,AVITI,39,0.5222222222222223,0.41204633544749825,71.4,86.52
2024-05-26,AVITI,18,0.5148148148148148,0.38135850694444445,70.99,86.95
2024-05-27,AVITI,7,0.5231481481481481,0.3806918810589113,68.4,82.03
2024-05-28,AVITI,0,0.525,0.3580729166666667,72.14,87.77
2024-05-29,AVITI,0,0.5601851851851852,0.3011677130898021,69.24,84.53
2024-05-30,AVITI,0,0.5287037037037037,0.3376973934550989,68.25,82.43
2024-05-31,AVITI,0,0.5398148148148149,0.33049742509363295,63.74,79.95
2024-06-01,AVITI,0,0.5611111111111111,0.28944553437967113,66.98,86.5
2024-06-02,AVITI,0,0.5314814814814814,0.29976432880844645,68.68,89.36
2024-06-03,AVITI,0,0.5277777777777778,0.26503566704459564,68.12,87.34
2024-06-04,AVITI,26,0.5611111111111111,0.4107913011695906,72.85,87.09
2024-06-05,AVITI,0,0.5212962962962963,0.28885321537290715,70.62,89.58
2024-06-06,AVITI,0,0.0,0.0,0.0,0.0
2024-06-07,AVITI,0,0.524074074074074,0.25686908143939396,65.07,68.63
2024-06-08,AVITI,0,0.5231481481481481,0.13637105855855855,62.67,67.58
2024-06-09,AVITI,0,0.5009259259259259,0.146356974393531,69.19,98.45
2024-06-10,AVITI,0,0.5611111111111111,0.17171090182648402,68.39,83.32
2024-06-11,AVITI,0,0.5398148148148149,0.28405403498871334,70.52,87.97
2024-06-12,AVITI,0,0.5611111111111111,0.2789155505952381,68.95,88.9
2024-06-13,AVITI,0,0.5685185185185185,0.2536922089041096,70.82,104.67
2024-06-14,AVITI,0,0.5537037037037037,0.13465081765232975,63.93,106.19
2024-06-15,AVITI,0,0.524074074074074,0.31142666103603606,65.65,122.52
2024-06-16,AVITI,0,0.5675925925925925,0.2558224678760393,68.91,119.07
2024-06-17,AVITI,0,0.5740740740740741,0.1302932518115942,66.38,127.26
2024-06-18,AVITI,0,0.5731481481481482,0.29078289969834087,66.28,125.64
2024-06-19,AVITI,0,0.5731481481481482,0.11811404986522911,66.9,135.71
2024-06-20,AVITI,0,0.5703703703703704,0.15377213896457767,71.48,112.71
2024-06-21,AVITI,0,0.5712962962962963,0.30989815848214286,70.2,94.68
2024-06-22,AVITI,0,0.5814814814814815,0.32658751819505094,64.97,95.58
2024-06-23,AVITI,0,0.575,0.29683959247076025,66.3,97.79
2024-06-24,AVITI,0,0.5546296296296296,0.2512203724604966,69.9,102.05
2024-06-25,AVITI,0,0.5722222222222222,0.33261047272047833,68.49,101.81
2024-06-26,AVITI,0,0.5444444444444444,0.17789195867026056,61.99,80.82
2024-06-27,AVITI,0,0.5666666666666667,0.28696978228228226,68.38,101.09
2024-06-28,AVITI,0,0.5666666666666667,0.261688112745098,67.06,104.8
2024-06-30,AVITI,0,0.5564814814814815,0.31284916853512706,65.33,99.73
2024-07-01,AVITI,0,0.5388888888888889,0.3307832045621781,63.26,120.93
2024-07-02,AVITI,0,0.5796296296296296,0.31744392778993435,64.12,112.94
2024-07-03,AVITI,0,0.5722222222222222,0.30750300258684404,65.43,99.75
2024-07-04,AVITI,0,0.5787037037037037,0.3303156980994152,64.89,109.52
2024-07-05,AVITI,0,0.5796296296296296,0.3294096447172619,64.92,108.83
2024-07-07,AVITI,0,0.5777777777777777,0.31695232195301026,64.11,106.88
2024-07-08,AVITI,0,0.575,0.3238546327367636,65.68,111.94
2024-07-12,AVITI,0,0.5777777777777777,0.32299467694566814,60.83,112.9
2024-07-13,AVITI,0,0.5601851851851852,0.33402092470760236,61.6,108.3
2024-07-16,AVITI,0,0.5675925925925925,0.3504080051057622,59.57,75.57
2024-07-17,AVITI,0,0.5675925925925925,0.34491255422993494,59.64,88.83
2024-07-19,AVITI,0,0.5703703703703704,0.12113446411012782,55.25,67.2
2024-07-20,AVITI,0,0.5694444444444444,0.3675142973856209,58.81,87.12
2024-07-21,AVITI,0,0.5675925925925925,0.3859791216702664,56.96,73.58
2024-07-22,AVITI,0,0.5472222222222223,0.3855921526277898,55.97,66.61
2024-07-23,AVITI,0,0.5462962962962963,0.39067503639010187,59.26,88.39
2024-07-24,AVITI,0,0.5416666666666666,0.386538722826087,57.98,80.83
2024-07-25,AVITI,0,0.5703703703703704,0.4052583697234352,59.77,80.93
2024-07-26,AVITI,0,0.5712962962962963,0.14293730650154798,59.48,87.43
2024-07-27,AVITI,0,0.5416666666666666,0.12684468524251805,56.97,77.31
2024-07-28,AVITI,0,0.5685185185185185,0.3945957880434783,58.12,85.78
2024-07-29,AVITI,0,0.5675925925925925,0.37443927789934356,56.83,83.11
2024-07-30,AVITI,0,0.5722222222222222,0.4036840802735781,56.54,80.74
2024-07-31,AVITI,0,0.5703703703703704,0.4104799349240781,57.1,89.29
2024-08-01,AVITI,0,0.5703703703703704,0.22496174670433144,57.04,87.4
2024-08-02,AVITI,0,0.5685185185185185,0.39749551971326164,56.9,91.78
2024-08-03,AVITI,0,0.5694444444444444,0.40158232029598306,57.81,90.76
2024-08-04,AVITI,0,0.5731481481481482,0.40514308855291575,56.5,87.67
2024-08-05,AVITI,0,0.575,0.42251680107526884,57.23,89.94
2024-08-06,AVITI,0,0.5731481481481482,0.4085391918646508,57.44,91.11
2024-08-07,AVITI,0,0.5703703703703704,0.163406217750258,56.94,89.43
2024-08-08,AVITI,0,0.5722222222222222,0.16732013457556935,55.69,69.07
2024-08-09,AVITI,0,0.5712962962962963,0.428082345545977,57.66,84.51
2024-08-10,AVITI,0,0.5703703703703704,0.4210013440860215,59.33,96.44
2024-08-11,AVITI,0,0.575,0.42077620967741935,57.44,84.45
2024-08-12,AVITI,0,0.5518518518518518,0.42862018201284796,57.23,75.09
2024-08-13,AVITI,0,0.575,0.4193682795698925,55.94,62.85
2024-08-14,AVITI,0,0.5777777777777777,0.3455962873931624,55.8,110.47
2024-08-15,AVITI,0,0.575925925925926,0.42940808297567956,57.79,82.52
2024-08-16,AVITI,0,0.5740740740740741,0.41041890681003584,56.82,81.44
2024-08-17,AVITI,0,0.5453703703703704,0.4190931241058655,55.64,64.59
2024-08-18,AVITI,0,0.562962962962963,0.44682523885350317,56.01,57.02
2024-08-20,AVITI,0,0.5740740740740741,0.17706877587991718,58.09,74.71
2024-08-21,AVITI,0,0.575925925925926,0.3518890328151986,56.25,64.45
2024-08-22,AVITI,0,0.575,0.43466460129310347,55.79,65.08
2024-08-23,AVITI,0,0.5731481481481482,0.20034079218106995,56.86,83.07
2024-08-24,AVITI,0,0.5518518518518518,0.10552679467871486,52.15,93.81
2024-08-25,AVITI,0,0.4888888888888889,0.23902409046214357,54.98,58.91
2024-08-26,AVITI,0,0.5370370370370371,0.461285092395167,54.52,60.43
2024-08-27,AVITI,0,0.4824074074074074,0.32477230584642236,54.68,66.66
2024-08-28,AVITI,0,0.5546296296296296,0.3414378768303187,57.48,84.64
